사용월,호선명,역ID,지하철역,유임승차,유임하차,무임승차,무임하차
Nov-21,1호선,1,서울역,"1,086,374","1,044,750","180,495","170,842"
Nov-21,1호선,10,동묘앞,"119,396","128,531","137,406","138,097"
Nov-21,1호선,2,시청,"516,353","528,021","72,373","72,182"
Nov-21,1호선,3,종각,"797,960","781,329","118,815","110,536"
Nov-21,1호선,4,종로3가,"433,793","397,349","272,242","254,421"
Nov-21,1호선,5,종로5가,"362,377","370,057","230,840","220,847"
Nov-21,1호선,6,동대문,"210,503","195,301","112,597","110,925"
Nov-21,1호선,7,신설동,"271,006","262,798","108,130","103,695"
Nov-21,1호선,8,제기동,"222,630","214,314","247,332","263,992"
Nov-21,1호선,9,청량리(서울시립대입구),"315,789","317,666","232,661","237,208"
Nov-21,2호선,11,시청,"547,821","531,320","49,350","45,066"
Nov-21,2호선,12,을지로입구,"920,409","948,676","87,312","81,505"
Nov-21,2호선,13,을지로3가,"509,464","512,132","69,858","69,000"
Nov-21,2호선,14,을지로4가,"257,675","257,704","77,307","75,748"
Nov-21,2호선,15,동대문역사문화공원(DDP),"278,121","318,942","50,300","53,502"
Nov-21,2호선,16,신당,"290,767","301,742","87,462","89,096"
Nov-21,2호선,17,상왕십리,"323,631","308,568","63,185","63,252"
Nov-21,2호선,18,왕십리(성동구청),"402,857","337,634","47,625","39,932"
Nov-21,2호선,19,한양대,"219,942","236,092","11,741","12,338"
Nov-21,2호선,20,뚝섬,"530,224","566,250","55,833","55,998"
Nov-21,2호선,21,성수,"853,972","949,401","96,738","98,849"
Nov-21,2호선,22,건대입구,"906,513","996,203","81,208","85,304"
Nov-21,2호선,23,구의(광진구청),"543,496","528,893","93,500","95,388"
Nov-21,2호선,24,강변(동서울터미널),"768,202","742,135","107,399","105,163"
Nov-21,2호선,25,잠실나루,"307,112","294,808","75,553","75,808"
Nov-21,2호선,26,잠실(송파구청),"1,779,956","1,771,465","172,479","163,266"
Nov-21,2호선,27,잠실새내,"481,393","486,797","94,604","94,732"
Nov-21,2호선,28,종합운동장,"216,149","241,540","40,081","42,669"
Nov-21,2호선,29,삼성(무역센터),"1,293,890","1,327,493","105,415","97,914"
Nov-21,2호선,30,선릉,"1,236,329","1,104,842","200,878","178,049"
Nov-21,2호선,31,역삼,"1,160,908","1,308,445","141,183","142,659"
Nov-21,2호선,32,강남,"2,068,581","2,106,836","157,942","141,910"
Nov-21,2호선,33,교대(법원.검찰청),"734,616","836,258","141,526","160,393"
Nov-21,2호선,34,서초,"514,128","485,704","73,840","72,149"
Nov-21,2호선,35,방배,"396,559","417,322","68,215","67,613"
Nov-21,2호선,36,사당,"870,198","983,981","172,740","166,319"
Nov-21,2호선,37,낙성대(강감찬),"658,644","621,765","94,039","95,812"
Nov-21,2호선,38,서울대입구(관악구청),"1,145,521","1,130,248","166,813","160,027"
Nov-21,2호선,39,봉천,"517,802","463,282","128,211","128,302"
Nov-21,2호선,40,신림,"1,528,201","1,462,225","205,165","207,422"
Nov-21,2호선,41,신대방,"610,248","582,894","115,355","116,946"
Nov-21,2호선,42,구로디지털단지,"1,436,371","1,430,429","154,607","156,533"
Nov-21,2호선,43,대림(구로구청),"552,788","563,727","107,354","111,203"
Nov-21,2호선,44,신도림,"1,158,651","1,164,676","176,683","166,936"
Nov-21,2호선,45,문래,"492,806","509,360","73,078","72,538"
Nov-21,2호선,46,영등포구청,"510,358","520,658","94,784","93,338"
Nov-21,2호선,47,당산,"447,610","519,153","55,019","60,280"
Nov-21,2호선,48,합정,"801,055","867,812","62,846","62,681"
Nov-21,2호선,49,홍대입구,"1,456,717","1,577,526","87,956","83,759"
Nov-21,2호선,50,신촌,"798,249","822,983","111,286","108,754"
Nov-21,2호선,51,이대,"329,837","347,003","44,917","46,361"
Nov-21,2호선,52,아현,"224,218","211,010","58,530","57,737"
Nov-21,2호선,53,충정로(경기대입구),"218,954","233,649","43,751","43,565"
Nov-21,2호선,54,용답,"61,157","60,871","15,917","15,838"
Nov-21,2호선,55,신답,"35,487","39,917","8,513","9,385"
Nov-21,2호선,56,신설동,"65,736","64,144","29,739","31,954"
Nov-21,2호선,57,도림천,"28,598","29,308","6,789","7,340"
Nov-21,2호선,58,양천구청,"141,516","149,231","42,548","42,970"
Nov-21,2호선,59,신정네거리,"217,499","221,786","65,004","65,674"
Nov-21,2호선,60,용두(동대문구청),"42,623","42,469","20,346","21,900"
Nov-21,3호선,61,지축,"100,089","93,335","22,424","21,699"
Nov-21,3호선,62,구파발,"464,465","445,566","106,463","101,844"
Nov-21,3호선,63,연신내,"778,799","730,371","232,949","225,939"
Nov-21,3호선,64,불광,"331,057","353,290","126,078","139,131"
Nov-21,3호선,65,녹번,"350,617","307,643","70,072","68,861"
Nov-21,3호선,66,홍제,"350,812","325,146","125,245","122,562"
Nov-21,3호선,67,무악재,"80,343","79,225","26,476","29,080"
Nov-21,3호선,68,독립문,"133,696","146,359","63,344","63,025"
Nov-21,3호선,69,경복궁(정부서울청사),"530,566","542,835","79,433","77,665"
Nov-21,3호선,70,안국,"508,485","537,390","85,208","89,403"
Nov-21,3호선,71,종로3가,"208,722","252,996","52,794","58,218"
Nov-21,3호선,72,을지로3가,"226,406","239,096","47,623","45,650"
Nov-21,3호선,73,충무로,33,0,1,0
Nov-21,3호선,74,동대입구,"199,525","213,233","34,030","38,652"
Nov-21,3호선,75,약수,"275,504","271,649","74,530","70,332"
Nov-21,3호선,76,금호,"170,752","155,015","48,191","47,186"
Nov-21,3호선,77,옥수,"196,252","202,849","52,390","52,854"
Nov-21,3호선,78,압구정,"725,335","788,860","120,381","118,355"
Nov-21,3호선,79,신사,"752,322","811,694","68,199","65,918"
Nov-21,3호선,80,잠원,"104,666","103,128","28,452","27,779"
Nov-21,3호선,81,고속터미널,"1,059,693","1,052,330","155,839","151,621"
Nov-21,3호선,82,교대(법원.검찰청),"307,537","200,885","63,072","38,031"
Nov-21,3호선,83,남부터미널(예술의전당),"682,064","700,253","112,777","114,283"
Nov-21,3호선,84,양재(서초구청),"889,612","980,507","138,505","139,720"
Nov-21,3호선,85,매봉,"267,077","258,673","58,462","53,842"
Nov-21,3호선,86,도곡,"120,171","125,837","23,965","22,626"
Nov-21,3호선,87,대치,"237,210","238,263","56,344","54,113"
Nov-21,3호선,88,학여울,"46,962","49,233","16,916","16,547"
Nov-21,3호선,89,대청,"216,671","196,004","54,029","51,869"
Nov-21,3호선,90,일원,"206,046","198,820","56,274","55,739"
Nov-21,3호선,91,수서,"382,039","387,381","96,929","95,125"
Nov-21,3호선,92,가락시장,"172,417","171,058","67,430","65,767"
Nov-21,3호선,93,경찰병원,"156,939","155,613","37,338","38,467"
Nov-21,3호선,94,오금,"142,505","126,876","26,335","24,941"
Nov-21,4호선,100,수유(강북구청),"751,972","745,510","173,331","172,493"
Nov-21,4호선,101,미아(서울사이버대학),"306,801","289,547","96,722","99,146"
Nov-21,4호선,102,미아사거리,"599,961","570,406","160,408","158,488"
Nov-21,4호선,103,길음,"450,680","429,713","102,160","102,264"
Nov-21,4호선,104,성신여대입구(돈암),"486,966","466,213","74,094","73,329"
Nov-21,4호선,105,한성대입구(삼선교),"310,992","306,375","67,575","66,562"
Nov-21,4호선,106,혜화,"799,473","822,143","118,055","118,193"
Nov-21,4호선,107,동대문,"388,242","407,641","135,251","132,806"
Nov-21,4호선,108,동대문역사문화공원(DDP),"351,646","329,624","51,805","46,837"
Nov-21,4호선,109,충무로,"578,788","608,622","112,101","112,154"
Nov-21,4호선,110,명동,"455,243","483,504","55,945","57,880"
Nov-21,4호선,111,회현(남대문시장),"464,140","509,482","156,966","158,726"
Nov-21,4호선,112,서울역,"254,954","429,363","34,108","43,665"
Nov-21,4호선,113,숙대입구(갈월),"313,469","308,006","47,274","44,719"
Nov-21,4호선,114,삼각지,"116,774","137,967","21,064","22,288"
Nov-21,4호선,115,신용산,"399,313","427,516","48,310","48,659"
Nov-21,4호선,116,이촌(국립중앙박물관),"163,814","182,585","40,158","42,422"
Nov-21,4호선,117,동작(현충원),"30,862","36,002","17,003","17,178"
Nov-21,4호선,118,총신대입구(이수),"382,808","419,544","131,182","138,686"
Nov-21,4호선,119,사당,"621,698","530,287","80,790","81,777"
Nov-21,4호선,120,남태령,"28,353","22,693","8,106","7,561"
Nov-21,4호선,95,당고개,"275,676","242,095","79,216","77,924"
Nov-21,4호선,96,상계,"414,621","373,168","105,034","102,502"
Nov-21,4호선,97,노원,"433,966","504,076","78,624","78,728"
Nov-21,4호선,98,창동,"528,065","558,294","171,954","178,713"
Nov-21,4호선,99,쌍문,"658,260","581,114","142,777","140,055"
Nov-21,경부선,121,서울역,"192,711","57,522","11,755","2,741"
Nov-21,경부선,122,남영,"216,789","227,342","32,654","33,400"
Nov-21,경부선,123,용산,"919,009","932,865","116,169","114,348"
Nov-21,경부선,124,노량진,"213,726","218,974","36,282","33,669"
Nov-21,경부선,125,대방,"288,032","296,455","61,576","60,702"
Nov-21,경부선,126,영등포,"886,971","927,013","211,027","210,669"
Nov-21,경부선,127,신도림,"89,027","89,214","23,826","27,027"
Nov-21,경부선,151,신길,"205,752","171,281","43,695","40,706"
Nov-21,경부선,250,구로,"425,864","444,921","88,085","85,353"
Nov-21,경부선,251,가산디지털단지,"427,066","504,141","33,214","37,364"
Nov-21,경부선,252,금천구청,"255,125","249,091","72,549","73,471"
Nov-21,경부선,253,석수,"227,413","200,276","44,164","42,176"
Nov-21,경부선,254,관악,"160,668","146,166","48,266","45,333"
Nov-21,경부선,255,안양,"566,686","558,509","101,637","105,560"
Nov-21,경부선,256,명학,"208,997","205,432","38,915","37,992"
Nov-21,경부선,257,금정,"623,380","632,906","105,782","107,298"
Nov-21,경부선,258,군포,"172,305","169,195","31,965","31,338"
Nov-21,경부선,259,의왕,"209,944","208,107","39,559","39,135"
Nov-21,경부선,260,성균관대,"359,346","353,897","46,799","47,158"
Nov-21,경부선,261,화서,"181,538","173,120","38,827","37,936"
Nov-21,경부선,262,수원,"929,802","991,739","127,797","130,269"
Nov-21,경부선,263,독산,"417,973","431,340","60,356","61,798"
Nov-21,경부선,264,세류,"72,914","66,694","14,173","13,554"
Nov-21,경부선,265,병점,"358,995","358,649","57,342","57,189"
Nov-21,경부선,266,세마,"64,232","59,212","13,971","13,105"
Nov-21,경부선,267,오산대,"89,961","82,139","16,150","15,314"
Nov-21,경부선,268,오산,"253,036","248,465","41,556","42,159"
Nov-21,경부선,269,진위,"37,255","32,469","7,450","7,057"
Nov-21,경부선,270,송탄,"112,524","107,411","19,024","18,163"
Nov-21,경부선,271,서정리,"179,882","167,244","27,916","26,833"
Nov-21,경부선,272,평택지제,"87,674","83,112","10,428","10,101"
Nov-21,경부선,273,평택,"311,897","310,124","58,660","57,456"
Nov-21,경부선,274,성환,"105,638","105,952","17,722","17,945"
Nov-21,경부선,275,직산,"18,270","17,961","4,282","4,156"
Nov-21,경부선,276,두정,"142,744","146,079","20,090","20,428"
Nov-21,경부선,277,천안,"129,990","132,364","44,586","45,387"
Nov-21,경부선,278,당정,"141,772","134,194","28,217","27,093"
Nov-21,경부선,279,서동탄,"33,431","29,956","7,211","6,857"
Nov-21,경부선,280,광명,"92,028","76,497","9,053","8,446"
Nov-21,경인선,294,개봉,"456,836","443,022","139,312","144,846"
Nov-21,경인선,295,오류동,"251,274","227,511","81,302","79,994"
Nov-21,경인선,296,역곡,"628,399","608,051","138,149","140,298"
Nov-21,경인선,297,부천,"730,584","735,622","181,796","184,399"
Nov-21,경인선,298,송내,"625,004","620,422","107,417","106,274"
Nov-21,경인선,299,부평,"711,664","780,089","124,464","126,405"
Nov-21,경인선,300,백운,"144,541","139,052","51,631","52,437"
Nov-21,경인선,301,동암,"330,762","331,743","84,278","85,013"
Nov-21,경인선,302,주안,"453,608","407,332","78,657","70,197"
Nov-21,경인선,303,제물포,"236,719","222,535","56,792","56,444"
Nov-21,경인선,304,동인천,"287,040","270,899","103,697","100,727"
Nov-21,경인선,305,인천,"76,122","54,882","34,655","31,619"
Nov-21,경인선,306,구일,"159,828","165,015","38,895","38,420"
Nov-21,경인선,307,소사,"192,311","185,474","56,407","56,539"
Nov-21,경인선,308,부개,"180,147","164,122","56,109","55,073"
Nov-21,경인선,309,간석,"120,953","113,737","39,559","38,950"
Nov-21,경인선,310,도원,"55,686","56,129","26,154","27,637"
Nov-21,경인선,311,온수(성공회대입구),"144,457","136,059","43,244","41,878"
Nov-21,경인선,312,중동,"194,030","178,592","62,637","61,468"
Nov-21,경인선,313,도화,"79,463","71,950","35,283","33,787"
Nov-21,경원선,128,이촌(국립중앙박물관),"77,369","57,516","24,825","21,132"
Nov-21,경원선,129,서빙고,"45,626","47,005","14,037","13,370"
Nov-21,경원선,130,한남,"84,068","81,110","26,560","24,816"
Nov-21,경원선,131,옥수,"1,445","1,003",124,75
Nov-21,경원선,132,응봉,"37,142","31,095","15,258","13,685"
Nov-21,경원선,133,왕십리(성동구청),"343,024","391,095","56,915","62,340"
Nov-21,경원선,134,청량리(서울시립대입구),"326,476","329,897","132,510","139,053"
Nov-21,경원선,136,외대앞,"202,364","196,835","39,544","40,943"
Nov-21,경원선,137,신이문,"170,962","153,057","62,359","60,618"
Nov-21,경원선,138,석계,"171,959","196,420","56,754","61,449"
Nov-21,경원선,139,광운대,"182,157","175,843","47,505","46,766"
Nov-21,경원선,140,월계,"136,191","124,742","55,964","53,818"
Nov-21,경원선,141,녹천,"92,871","76,064","35,507","32,137"
Nov-21,경원선,142,창동,5,0,2,0
Nov-21,경원선,359,방학,"171,008","164,224","95,361","93,898"
Nov-21,경원선,360,도봉,"103,980","96,374","64,330","64,037"
Nov-21,경원선,361,도봉산,"138,050","76,774","108,015","85,756"
Nov-21,경원선,362,망월사,"153,254","154,399","63,138","64,522"
Nov-21,경원선,363,회룡,"217,160","212,323","131,158","129,541"
Nov-21,경원선,364,의정부,"424,637","442,135","97,543","99,540"
Nov-21,경원선,365,가능,"133,487","124,957","50,920","51,043"
Nov-21,경원선,366,녹양,"93,686","87,701","34,187","32,658"
Nov-21,경원선,367,양주,"172,187","158,306","51,117","49,786"
Nov-21,경원선,368,덕계,"66,923","58,797","20,666","19,823"
Nov-21,경원선,369,덕정,"132,153","126,221","31,439","31,423"
Nov-21,경원선,370,지행,"144,571","143,306","41,295","41,161"
Nov-21,경원선,371,동두천중앙,"56,779","54,523","32,382","32,131"
Nov-21,경원선,372,보산,"35,793","32,323","12,434","11,511"
Nov-21,경원선,373,동두천,"37,744","41,705","21,315","26,451"
Nov-21,경원선,374,소요산,"34,717","28,150","67,702","60,575"
Nov-21,안산선,281,산본,"352,288","381,265","86,629","87,749"
Nov-21,안산선,282,대야미,"111,390","97,358","28,766","27,114"
Nov-21,안산선,283,반월,"94,136","88,832","26,155","25,616"
Nov-21,안산선,284,상록수,"385,261","384,569","62,853","64,259"
Nov-21,안산선,285,한대앞,"228,226","225,721","40,245","41,510"
Nov-21,안산선,286,중앙,"450,765","475,304","52,910","52,009"
Nov-21,안산선,287,고잔,"212,199","203,095","32,940","31,301"
Nov-21,안산선,288,초지,"121,266","127,013","14,084","14,313"
Nov-21,안산선,289,안산,"296,022","273,013","34,504","32,166"
Nov-21,안산선,290,신길온천,"39,674","35,737","8,964","8,981"
Nov-21,안산선,291,정왕,"237,264","244,192","24,595","26,003"
Nov-21,안산선,292,오이도,"209,282","203,246","32,133","31,648"
Nov-21,안산선,293,수리산,"87,537","69,035","28,915","27,365"
Nov-21,과천선,231,선바위,"200,196","169,525","32,242","31,207"
Nov-21,과천선,232,경마공원,"61,888","61,363","35,898","35,033"
Nov-21,과천선,233,대공원,"69,740","72,952","49,465","51,124"
Nov-21,과천선,234,과천,"124,227","110,866","37,065","35,878"
Nov-21,과천선,235,정부과천청사,"237,451","232,759","46,793","45,735"
Nov-21,과천선,236,인덕원,"562,641","579,193","97,426","100,734"
Nov-21,과천선,237,평촌,"414,023","405,666","59,091","58,837"
Nov-21,과천선,238,범계,"617,890","614,678","92,935","91,425"
Nov-21,분당선,143,선릉,"298,284","462,764","39,788","52,782"
Nov-21,분당선,144,한티,"330,715","352,761","59,576","60,816"
Nov-21,분당선,145,도곡,"145,699","135,998","41,175","38,150"
Nov-21,분당선,146,구룡,"42,913","41,023","13,426","13,197"
Nov-21,분당선,147,개포동,"80,581","82,704","23,453","23,817"
Nov-21,분당선,148,대모산입구,"92,050","82,030","28,601","28,525"
Nov-21,분당선,149,수서,"325,190","332,194","61,454","62,718"
Nov-21,분당선,150,복정,23,0,2,0
Nov-21,분당선,314,수원,"205,700","173,854","27,404","24,455"
Nov-21,분당선,315,서울숲,"285,176","297,682","28,876","28,151"
Nov-21,분당선,316,압구정로데오,"471,568","548,270","42,321","40,840"
Nov-21,분당선,317,강남구청,"227,761","265,571","37,374","40,242"
Nov-21,분당선,318,선정릉,"178,180","193,788","26,243","26,020"
Nov-21,분당선,319,가천대,"221,294","242,290","24,862","25,901"
Nov-21,분당선,320,태평,"292,498","268,925","83,662","87,040"
Nov-21,분당선,321,모란,"421,377","418,149","157,400","170,849"
Nov-21,분당선,322,야탑,"572,213","599,817","134,997","134,410"
Nov-21,분당선,323,서현,"562,534","581,550","109,221","105,211"
Nov-21,분당선,324,수내,"284,676","283,270","67,912","66,534"
Nov-21,분당선,325,정자,"401,332","429,046","61,169","62,238"
Nov-21,분당선,326,미금,"318,111","337,984","96,443","102,450"
Nov-21,분당선,327,오리,"257,440","211,324","67,409","58,575"
Nov-21,분당선,328,이매,"121,758","114,526","36,185","35,210"
Nov-21,분당선,329,보정,"50,409","43,044","18,457","17,700"
Nov-21,분당선,330,죽전,"311,228","344,279","63,086","67,228"
Nov-21,분당선,331,구성,"105,621","110,942","33,470","33,804"
Nov-21,분당선,332,신갈,"95,777","93,843","26,645","26,820"
Nov-21,분당선,333,기흥,"231,783","214,209","38,456","37,736"
Nov-21,분당선,334,상갈,"121,908","116,801","30,024","28,770"
Nov-21,분당선,335,청명,"100,013","94,246","17,911","17,641"
Nov-21,분당선,336,영통,"208,805","210,089","26,764","27,164"
Nov-21,분당선,337,망포,"358,959","335,068","33,814","32,373"
Nov-21,분당선,338,매탄권선,"120,698","114,082","17,994","17,202"
Nov-21,분당선,339,수원시청,"317,149","351,928","38,178","39,529"
Nov-21,분당선,340,매교,"64,251","64,347","16,262","16,647"
Nov-21,일산선,375,원흥,"237,714","222,334","53,205","51,628"
Nov-21,일산선,376,지축,7,0,0,0
Nov-21,일산선,377,삼송,"432,339","412,026","89,348","90,269"
Nov-21,일산선,378,원당,"237,249","219,905","75,371","74,370"
Nov-21,일산선,379,화정,"363,144","371,387","105,389","107,009"
Nov-21,일산선,380,대곡,"42,372","32,306","10,935","10,387"
Nov-21,일산선,381,백석,"208,122","207,630","63,249","62,622"
Nov-21,일산선,382,마두,"147,292","148,526","59,641","60,870"
Nov-21,일산선,383,정발산,"159,355","166,451","44,188","42,050"
Nov-21,일산선,384,주엽,"171,040","164,339","76,589","78,894"
Nov-21,일산선,385,대화,"294,566","232,529","71,713","66,247"
Nov-21,중앙선,135,회기,"591,271","565,857","114,943","112,228"
Nov-21,중앙선,152,중랑,"112,441","104,551","44,643","43,691"
Nov-21,중앙선,153,상봉(시외버스터미널),"133,342","131,353","37,369","36,084"
Nov-21,중앙선,154,망우,"152,607","146,859","63,606","64,946"
Nov-21,중앙선,155,양원,"37,903","37,708","16,450","16,458"
Nov-21,중앙선,156,구리,"303,373","303,922","74,404","75,245"
Nov-21,중앙선,157,도농,"228,459","202,840","56,932","55,030"
Nov-21,중앙선,158,양정,"14,195","12,091","7,673","6,963"
Nov-21,중앙선,159,덕소,"117,334","98,623","41,521","35,945"
Nov-21,중앙선,160,도심,"49,480","36,175","16,718","15,668"
Nov-21,중앙선,161,팔당,"20,467","21,851","7,986","7,876"
Nov-21,중앙선,162,운길산,"15,755","14,477","9,514","9,330"
Nov-21,중앙선,163,양수,"35,541","35,452","20,267","20,472"
Nov-21,중앙선,164,신원,"3,029","2,685","2,908","2,470"
Nov-21,중앙선,165,국수,"12,213","11,693","8,216","8,567"
Nov-21,중앙선,166,아신,"11,152","11,202","5,643","5,591"
Nov-21,중앙선,167,오빈,"5,194","4,963","3,602","3,646"
Nov-21,중앙선,168,양평,"54,337","54,716","28,795","29,539"
Nov-21,중앙선,169,원덕,"5,110","5,193","5,676","5,594"
Nov-21,중앙선,170,용문,"30,366","30,679","36,559","36,384"
Nov-21,중앙선,171,지평,918,"1,106",934,884
Nov-21,장항선,224,봉명,"23,190","22,172","9,183","8,824"
Nov-21,장항선,225,쌍용(나사렛대),"56,283","52,536","11,556","11,026"
Nov-21,장항선,226,아산,"95,928","82,293","10,974","10,149"
Nov-21,장항선,227,탕정,"9,087","8,266","1,857","1,812"
Nov-21,장항선,228,배방,"25,439","24,630","6,381","6,223"
Nov-21,장항선,229,온양온천,"72,953","75,073","41,982","42,674"
Nov-21,장항선,230,신창(순천향대),"55,633","54,223","6,348","5,888"
Nov-21,경의선,172,서울역,"94,707","118,367","14,242","17,404"
Nov-21,경의선,173,신촌,"18,893","23,435","3,440","3,863"
Nov-21,경의선,174,효창공원앞,"64,868","73,920","12,842","14,097"
Nov-21,경의선,175,공덕,"86,110","74,745","12,653","12,596"
Nov-21,경의선,176,서강대,"50,163","49,605","10,691","9,984"
Nov-21,경의선,177,홍대입구,"44,359","53,598","4,461","4,987"
Nov-21,경의선,178,가좌,"108,424","100,715","39,359","39,624"
Nov-21,경의선,179,디지털미디어시티,"60,008","54,423","10,707","10,480"
Nov-21,경의선,180,수색,"58,994","61,456","13,597","13,612"
Nov-21,경의선,181,화전,"42,619","38,508","8,592","8,595"
Nov-21,경의선,182,강매,"70,407","59,637","17,106","16,134"
Nov-21,경의선,183,행신,"187,738","186,305","31,060","31,599"
Nov-21,경의선,184,능곡,"78,712","71,785","26,954","26,113"
Nov-21,경의선,185,곡산,"11,998","12,557","4,763","4,869"
Nov-21,경의선,186,백마,"158,922","149,047","31,513","31,503"
Nov-21,경의선,187,풍산,"125,520","115,755","32,519","31,765"
Nov-21,경의선,188,일산,"203,303","197,394","54,758","54,584"
Nov-21,경의선,189,탄현,"179,948","167,925","35,122","34,150"
Nov-21,경의선,190,야당,"169,559","167,278","31,813","30,413"
Nov-21,경의선,191,운정,"158,725","146,098","35,508","35,303"
Nov-21,경의선,192,금릉,"109,555","104,820","23,704","23,249"
Nov-21,경의선,193,금촌,"140,217","137,420","41,793","42,692"
Nov-21,경의선,194,월롱,"63,532","60,265","7,793","8,747"
Nov-21,경의선,195,파주,"32,280","23,475","6,717","5,600"
Nov-21,경의선,196,문산,"107,229","105,618","40,413","40,398"
Nov-21,경의선,197,임진강,418,325,328,390
Nov-21,경의선,202,김포공항,1,0,0,0
Nov-21,경의선,203,계양,5,0,0,0
Nov-21,경의선,204,검암,1,0,0,0
Nov-21,경춘선,205,신내,"39,734","37,793","15,143","14,593"
Nov-21,경춘선,206,갈매,"66,164","55,274","18,474","17,115"
Nov-21,경춘선,207,별내,"72,539","67,165","21,120","20,082"
Nov-21,경춘선,208,퇴계원,"75,454","67,263","25,791","24,799"
Nov-21,경춘선,209,사릉,"75,878","70,340","19,198","19,612"
Nov-21,경춘선,210,금곡,"27,883","26,329","14,328","13,990"
Nov-21,경춘선,211,평내호평,"132,246","127,925","40,840","39,113"
Nov-21,경춘선,212,천마산,"30,610","26,779","17,049","17,169"
Nov-21,경춘선,213,마석,"81,044","78,963","31,247","31,214"
Nov-21,경춘선,214,대성리,"11,291","10,064","5,797","5,383"
Nov-21,경춘선,215,청평,"31,631","30,853","15,426","15,517"
Nov-21,경춘선,216,상천,"4,343","3,661","4,369","4,273"
Nov-21,경춘선,217,가평,"44,136","43,843","14,974","14,847"
Nov-21,경춘선,218,굴봉산,"2,230","2,073","2,024","1,999"
Nov-21,경춘선,219,백양리,"1,704","1,719",991,999
Nov-21,경춘선,220,강촌,"11,202","10,272","5,385","5,229"
Nov-21,경춘선,221,김유정,"6,793","7,952","3,854","4,029"
Nov-21,경춘선,222,남춘천,"54,344","54,906","23,797","25,401"
Nov-21,경춘선,223,춘천,"33,073","30,919","16,120","13,027"
Nov-21,수인선,341,고색,"103,040","97,822","14,302","13,281"
Nov-21,수인선,342,오목천,"76,724","68,932","11,062","10,976"
Nov-21,수인선,343,어천,"17,965","17,643","4,411","4,723"
Nov-21,수인선,344,야목,"7,129","5,319","1,992","1,560"
Nov-21,수인선,345,사리,"109,175","93,556","16,244","15,197"
Nov-21,수인선,346,달월,"1,598","1,263","1,022",551
Nov-21,수인선,347,월곶,"58,129","53,669","13,536","13,679"
Nov-21,수인선,348,소래포구,"105,537","100,944","66,401","64,595"
Nov-21,수인선,349,인천논현,"122,823","131,222","28,867","29,398"
Nov-21,수인선,350,호구포,"88,166","91,230","18,834","18,972"
Nov-21,수인선,351,남동인더스파크,"50,627","56,527","6,383","6,667"
Nov-21,수인선,352,원인재,"97,576","101,482","28,827","28,993"
Nov-21,수인선,353,연수,"100,603","99,526","26,643","26,388"
Nov-21,수인선,354,송도,"50,270","45,903","19,555","19,345"
Nov-21,수인선,355,인하대,"142,892","133,818","24,195","23,388"
Nov-21,수인선,356,숭의,"81,438","74,765","27,511","25,997"
Nov-21,수인선,357,신포,"38,516","38,873","11,952","12,398"
Nov-21,수인선,358,인천,"19,165","36,102","12,577","15,960"
Nov-21,경강선,239,판교,"112,229","112,207","12,664","11,456"
Nov-21,경강선,240,이매,"25,683","20,585","5,987","5,301"
Nov-21,경강선,241,삼동,"52,849","46,766","10,781","10,412"
Nov-21,경강선,242,경기광주,"176,094","163,840","28,014","28,364"
Nov-21,경강선,243,초월,"73,264","68,203","13,083","12,726"
Nov-21,경강선,244,곤지암,"55,596","53,992","13,230","13,588"
Nov-21,경강선,245,신둔도예촌,"36,217","32,857","6,889","6,800"
Nov-21,경강선,246,이천,"65,143","68,630","11,846","12,888"
Nov-21,경강선,247,부발,"52,232","50,296","7,590","7,301"
Nov-21,경강선,248,세종대왕릉,"6,292","6,295","3,297","3,430"
Nov-21,경강선,249,여주,"57,285","58,866","14,728","14,597"
Nov-21,5호선,386,방화,"137,792","130,689","46,146","44,490"
Nov-21,5호선,387,개화산,"115,854","108,446","34,628","34,357"
Nov-21,5호선,388,김포공항,"190,628","173,783","29,728","31,630"
Nov-21,5호선,389,송정,"136,680","126,817","47,044","45,819"
Nov-21,5호선,390,마곡,"238,934","237,279","36,748","35,614"
Nov-21,5호선,391,발산,"463,041","490,092","83,540","81,229"
Nov-21,5호선,392,우장산,"312,758","301,202","79,901","83,042"
Nov-21,5호선,393,화곡,"639,421","586,389","129,715","124,270"
Nov-21,5호선,394,까치산,"646,561","606,387","141,989","143,172"
Nov-21,5호선,395,신정(은행정),"317,709","248,701","54,795","53,619"
Nov-21,5호선,396,목동,"374,045","403,922","74,821","75,339"
Nov-21,5호선,397,오목교(목동운동장앞),"512,124","556,843","75,519","75,434"
Nov-21,5호선,398,양평,"168,205","163,964","25,438","25,162"
Nov-21,5호선,399,영등포구청,"81,686","84,687","18,015","17,998"
Nov-21,5호선,400,영등포시장,"213,723","220,359","58,521","60,069"
Nov-21,5호선,401,신길,"98,979","105,525","10,471","10,953"
Nov-21,5호선,402,여의도,"666,252","712,425","48,586","45,487"
Nov-21,5호선,403,여의나루,"255,835","292,144","25,508","24,981"
Nov-21,5호선,404,마포,"317,693","329,380","56,616","55,757"
Nov-21,5호선,405,공덕,"326,982","353,378","40,138","38,050"
Nov-21,5호선,406,애오개,"144,632","145,128","32,950","32,441"
Nov-21,5호선,407,충정로(경기대입구),"110,745","111,529","13,041","13,360"
Nov-21,5호선,408,서대문,"426,668","441,687","59,478","56,232"
Nov-21,5호선,409,광화문(세종문화회관),"726,434","773,103","67,242","65,177"
Nov-21,5호선,410,종로3가,"276,896","274,164","83,962","88,178"
Nov-21,5호선,411,을지로4가,"116,235","122,258","40,022","39,480"
Nov-21,5호선,412,동대문역사문화공원(DDP),"64,709","77,197","7,709","8,316"
Nov-21,5호선,413,청구,"84,225","79,457","23,136","18,288"
Nov-21,5호선,414,신금호,"139,837","140,853","33,533","38,108"
Nov-21,5호선,415,행당,"176,831","154,825","45,265","40,481"
Nov-21,5호선,416,왕십리(성동구청),"104,322","123,959","21,084","20,731"
Nov-21,5호선,417,마장,"117,474","109,644","35,092","34,136"
Nov-21,5호선,418,답십리,"355,194","316,521","72,194","70,022"
Nov-21,5호선,419,장한평,"415,815","407,284","79,903","81,351"
Nov-21,5호선,420,군자(능동),"269,068","298,258","36,859","38,737"
Nov-21,5호선,421,아차산(어린이대공원후문),"322,940","309,796","88,460","86,896"
Nov-21,5호선,422,광나루(장신대),"304,719","276,826","64,662","61,949"
Nov-21,5호선,423,천호(풍납토성),"392,717","388,201","110,835","113,553"
Nov-21,5호선,424,강동,"409,666","386,456","89,796","87,074"
Nov-21,5호선,425,길동,"152,936","159,105","63,874","66,119"
Nov-21,5호선,426,굽은다리(강동구민회관앞),"198,307","187,505","62,135","57,174"
Nov-21,5호선,427,명일,"176,598","178,951","61,415","63,636"
Nov-21,5호선,428,고덕,"199,327","196,115","58,796","58,680"
Nov-21,5호선,429,상일동,"339,192","300,222","80,080","76,374"
Nov-21,5호선,430,둔촌동,"179,110","178,116","55,672","55,999"
Nov-21,5호선,431,올림픽공원(한국체대),"90,358","80,950","32,624","29,852"
Nov-21,5호선,432,방이,"153,679","158,386","41,354","40,871"
Nov-21,5호선,433,오금,"82,682","81,344","18,376","17,790"
Nov-21,5호선,434,개롱,"134,599","138,970","42,275","43,692"
Nov-21,5호선,435,거여,"192,841","178,968","55,199","53,383"
Nov-21,5호선,436,마천,"136,770","131,925","49,808","51,456"
Nov-21,5호선,437,강일,"77,446","75,147","26,165","26,094"
Nov-21,5호선,438,미사,"372,629","365,797","63,210","62,891"
Nov-21,5호선,439,하남풍산,"90,546","89,989","22,184","21,974"
Nov-21,5호선,440,하남시청(덕풍·신장),"120,093","114,140","50,772","51,942"
Nov-21,5호선,441,하남검단산,"113,771","109,124","38,633","38,271"
Nov-21,6호선,442,응암,"376,956","364,937","102,842","101,895"
Nov-21,6호선,443,역촌,"75,075","92,639","29,570","29,116"
Nov-21,6호선,444,불광,"85,781","88,360","34,852","28,933"
Nov-21,6호선,445,독바위,"56,941","57,370","17,712","21,738"
Nov-21,6호선,446,연신내,28,0,1,0
Nov-21,6호선,447,구산,"163,534","108,462","45,754","47,549"
Nov-21,6호선,448,새절(신사),"270,194","245,965","77,729","77,380"
Nov-21,6호선,449,증산(명지대앞),"211,900","204,578","64,551","64,886"
Nov-21,6호선,450,디지털미디어시티,"310,245","337,895","49,637","49,984"
Nov-21,6호선,451,월드컵경기장(성산),"76,685","86,461","51,103","52,897"
Nov-21,6호선,452,마포구청,"315,807","279,826","72,757","64,929"
Nov-21,6호선,453,망원,"314,293","340,506","73,917","77,197"
Nov-21,6호선,454,합정,"330,811","329,330","36,480","33,965"
Nov-21,6호선,455,상수,"209,441","246,233","19,864","20,235"
Nov-21,6호선,456,광흥창(서강),"196,704","188,651","42,510","42,027"
Nov-21,6호선,457,대흥(서강대앞),"179,269","183,875","39,112","38,698"
Nov-21,6호선,458,공덕,"418,374","405,827","67,762","63,125"
Nov-21,6호선,459,효창공원앞,"154,694","136,907","35,141","32,958"
Nov-21,6호선,460,삼각지,"158,675","136,589","15,210","12,457"
Nov-21,6호선,461,녹사평(용산구청),"120,665","124,713","16,545","15,754"
Nov-21,6호선,462,이태원,"270,646","298,546","28,053","28,647"
Nov-21,6호선,463,한강진,"215,119","256,994","14,433","14,883"
Nov-21,6호선,464,버티고개,"41,655","37,944","9,631","12,238"
Nov-21,6호선,465,약수,"77,775","77,805","21,013","20,253"
Nov-21,6호선,466,청구,"82,966","85,185","17,788","20,641"
Nov-21,6호선,467,신당,"186,885","196,160","32,742","31,231"
Nov-21,6호선,468,동묘앞,"164,355","170,881","61,081","56,272"
Nov-21,6호선,469,창신,"78,515","62,951","16,893","15,936"
Nov-21,6호선,470,보문,"170,479","154,744","27,315","25,944"
Nov-21,6호선,471,안암(고대병원앞),"259,720","261,791","30,243","28,881"
Nov-21,6호선,472,고려대(종암),"186,734","176,635","30,259","30,009"
Nov-21,6호선,473,월곡(동덕여대),"247,535","241,071","62,666","62,509"
Nov-21,6호선,474,상월곡(한국과학기술연구원),"135,284","116,782","36,052","35,262"
Nov-21,6호선,475,돌곶이,"207,687","188,707","53,445","52,276"
Nov-21,6호선,476,석계,"268,162","278,923","68,610","68,496"
Nov-21,6호선,477,태릉입구,"123,251","135,287","27,451","28,617"
Nov-21,6호선,478,화랑대(서울여대입구),"275,629","211,309","43,177","38,584"
Nov-21,6호선,479,봉화산(서울의료원),"193,609","178,643","43,584","43,074"
Nov-21,6호선,480,신내,4,0,0,0
Nov-21,7호선,481,장암,"55,271","22,267","9,230","6,486"
Nov-21,7호선,482,도봉산,"214,795","244,916","44,803","65,312"
Nov-21,7호선,483,수락산,"267,859","256,363","85,821","86,425"
Nov-21,7호선,484,마들,"273,501","252,761","75,686","74,717"
Nov-21,7호선,485,노원,"421,667","452,618","105,770","106,305"
Nov-21,7호선,486,중계,"307,263","273,333","79,359","76,475"
Nov-21,7호선,487,하계,"392,077","361,222","92,587","89,647"
Nov-21,7호선,488,공릉(서울과학기술대),"268,805","263,811","62,693","62,858"
Nov-21,7호선,489,태릉입구,"193,516","183,484","41,048","38,389"
Nov-21,7호선,490,먹골,"222,353","212,545","57,256","57,976"
Nov-21,7호선,491,중화,"239,747","231,849","58,801","58,846"
Nov-21,7호선,492,상봉(시외버스터미널),"403,601","379,406","63,998","61,325"
Nov-21,7호선,493,면목,"350,277","334,500","86,691","88,915"
Nov-21,7호선,494,사가정,"357,894","351,964","90,228","89,718"
Nov-21,7호선,495,용마산(용마폭포공원),"137,240","129,119","32,392","34,730"
Nov-21,7호선,496,중곡,"230,400","209,115","54,762","55,374"
Nov-21,7호선,497,군자(능동),"334,672","262,200","68,611","59,423"
Nov-21,7호선,498,어린이대공원(세종대),"315,045","311,852","37,261","37,137"
Nov-21,7호선,499,건대입구,"292,028","315,244","48,366","43,642"
Nov-21,7호선,500,뚝섬유원지,"186,019","176,630","37,167","37,229"
Nov-21,7호선,501,청담,"440,404","506,098","66,698","64,826"
Nov-21,7호선,502,강남구청,"385,690","432,008","45,771","46,457"
Nov-21,7호선,503,학동,"563,428","608,779","55,949","52,827"
Nov-21,7호선,504,논현,"477,171","530,503","46,261","45,680"
Nov-21,7호선,505,반포,"130,534","125,298","28,856","27,175"
Nov-21,7호선,506,고속터미널,"398,288","320,436","67,635","58,303"
Nov-21,7호선,507,내방,"316,934","325,165","60,517","58,907"
Nov-21,7호선,508,이수,"358,448","351,207","68,909","65,808"
Nov-21,7호선,509,남성,"237,575","213,710","60,499","60,079"
Nov-21,7호선,510,숭실대입구(살피재),"300,434","300,205","54,190","56,441"
Nov-21,7호선,511,상도,"237,425","225,995","53,048","50,983"
Nov-21,7호선,512,장승배기,"194,789","186,675","59,511","59,957"
Nov-21,7호선,513,신대방삼거리,"364,453","340,223","81,506","83,131"
Nov-21,7호선,514,보라매,"229,285","225,961","39,580","38,318"
Nov-21,7호선,515,신풍,"255,654","239,159","62,761","63,968"
Nov-21,7호선,516,대림(구로구청),"198,482","200,019","31,923","31,033"
Nov-21,7호선,517,남구로,"362,683","382,943","54,235","54,014"
Nov-21,7호선,518,가산디지털단지,"1,076,986","1,073,094","84,446","79,407"
Nov-21,7호선,519,철산,"486,467","500,182","88,777","88,204"
Nov-21,7호선,520,광명사거리,"484,427","468,821","133,268","136,955"
Nov-21,7호선,521,천왕,"257,883","239,349","49,844","49,209"
Nov-21,7호선,522,온수(성공회대입구),"247,223","230,665","36,398","34,754"
Nov-21,7호선,523,까치울,"187,596","177,701","28,625","28,886"
Nov-21,7호선,524,부천종합운동장,"111,970","95,877","19,055","18,490"
Nov-21,7호선,525,춘의,"230,758","224,589","30,785","30,308"
Nov-21,7호선,526,신중동,"335,789","338,254","49,386","47,704"
Nov-21,7호선,527,부천시청,"298,500","299,203","51,263","49,081"
Nov-21,7호선,528,상동,"320,516","334,793","46,269","46,467"
Nov-21,7호선,529,삼산체육관,"123,768","110,334","24,776","23,475"
Nov-21,7호선,530,굴포천,"218,718","228,168","33,412","33,718"
Nov-21,7호선,531,부평구청,"179,532","159,709","24,489","22,867"
Nov-21,8호선,532,암사,"412,051","353,798","95,895","94,279"
Nov-21,8호선,533,천호(풍납토성),"337,782","401,918","71,714","68,682"
Nov-21,8호선,534,강동구청,"221,257","227,894","57,795","57,772"
Nov-21,8호선,535,몽촌토성(평화의문),"145,023","147,933","32,853","31,749"
Nov-21,8호선,536,잠실(송파구청),"329,217","407,347","59,892","58,907"
Nov-21,8호선,537,석촌,"165,696","196,785","43,890","46,721"
Nov-21,8호선,538,송파,"157,589","155,987","48,090","48,123"
Nov-21,8호선,539,가락시장,"152,928","176,186","54,136","55,472"
Nov-21,8호선,540,문정,"505,034","532,959","51,896","51,610"
Nov-21,8호선,541,장지,"399,750","382,047","70,538","66,862"
Nov-21,8호선,542,복정,"266,618","227,760","44,907","40,760"
Nov-21,8호선,543,산성,"133,136","129,129","30,356","33,738"
Nov-21,8호선,544,남한산성입구(성남법원.검찰청),"305,853","272,515","71,317","68,696"
Nov-21,8호선,545,단대오거리,"222,228","212,061","62,837","60,612"
Nov-21,8호선,546,신흥,"85,135","91,950","31,947","33,442"
Nov-21,8호선,547,수진,"106,565","92,283","38,776","37,917"
Nov-21,8호선,548,모란,"78,043","65,419","48,047","37,624"
Nov-21,9호선,618,개화,"58,572","40,394","12,204","9,723"
Nov-21,9호선,619,김포공항,"209,573","333,404","17,989","23,300"
Nov-21,9호선,620,공항시장,"59,640","63,439","22,579","24,756"
Nov-21,9호선,621,신방화,"146,916","140,056","41,606","40,848"
Nov-21,9호선,622,마곡나루(서울식물원),"289,700","288,432","28,723","28,384"
Nov-21,9호선,623,양천향교,"218,143","219,912","40,994","40,791"
Nov-21,9호선,624,가양,"440,533","424,028","116,735","113,555"
Nov-21,9호선,625,증미,"153,905","149,800","37,070","37,843"
Nov-21,9호선,626,등촌,"236,996","228,234","74,034","74,633"
Nov-21,9호선,627,염창,"406,656","388,760","63,606","62,418"
Nov-21,9호선,628,신목동,"90,312","77,726","19,530","18,269"
Nov-21,9호선,629,선유도,"196,597","187,501","27,360","26,432"
Nov-21,9호선,630,당산,"432,166","434,083","58,103","54,194"
Nov-21,9호선,631,국회의사당,"359,947","378,272","47,023","40,732"
Nov-21,9호선,632,여의도,"658,012","629,208","42,785","38,954"
Nov-21,9호선,633,샛강,"124,191","131,710","23,678","24,038"
Nov-21,9호선,634,노량진,"647,038","630,711","77,074","78,144"
Nov-21,9호선,635,노들,"95,265","77,906","28,159","25,724"
Nov-21,9호선,636,흑석(중앙대입구),"173,961","180,341","48,668","49,177"
Nov-21,9호선,637,동작(현충원),"41,133","33,008","11,426","9,830"
Nov-21,9호선,638,구반포,"37,415","40,085","14,770","14,590"
Nov-21,9호선,639,신반포,"72,980","71,073","18,432","18,391"
Nov-21,9호선,640,고속터미널,"307,877","413,748","50,904","58,755"
Nov-21,9호선,641,사평,"76,161","72,948","18,553","18,739"
Nov-21,9호선,642,신논현,"807,675","820,683","55,287","51,123"
Nov-21,공항철도 1호선,656,서울역,"211,551","202,556","30,154","26,977"
Nov-21,공항철도 1호선,657,공덕,"55,168","74,916","6,614","7,902"
Nov-21,공항철도 1호선,658,홍대입구,"269,489","275,803","16,168","15,336"
Nov-21,공항철도 1호선,659,디지털미디어시티,"332,130","304,208","23,080","21,709"
Nov-21,공항철도 1호선,660,마곡나루(서울식물원),"202,488","197,597","12,393","12,438"
Nov-21,공항철도 1호선,661,김포공항,"344,047","186,632","24,567","15,786"
Nov-21,공항철도 1호선,662,계양,"251,697","234,164","26,509","25,262"
Nov-21,공항철도 1호선,663,검암,"170,317","167,769","15,985","15,957"
Nov-21,공항철도 1호선,664,청라국제도시,"171,218","161,662","11,845","11,608"
Nov-21,공항철도 1호선,665,운서,"165,043","164,788","24,367","24,347"
Nov-21,공항철도 1호선,666,공항화물청사,"51,330","57,448","8,282","8,024"
Nov-21,공항철도 1호선,667,인천공항1터미널,"98,271","100,728","14,212","13,942"
Nov-21,공항철도 1호선,668,인천공항2터미널,"57,732","53,660","6,619","6,387"
Nov-21,공항철도 1호선,669,영종,"68,912","69,190","18,457","18,331"
Nov-21,9호선2~3단계,643,언주,"252,782","258,824","25,703","25,734"
Nov-21,9호선2~3단계,644,선정릉,"227,535","252,520","22,522","22,822"
Nov-21,9호선2~3단계,645,삼성중앙,"152,017","162,055","21,076","21,070"
Nov-21,9호선2~3단계,646,봉은사,"408,960","426,196","39,635","37,972"
Nov-21,9호선2~3단계,647,종합운동장,"99,232","98,285","16,643","15,028"
Nov-21,9호선2~3단계,648,삼전,"153,351","146,658","32,456","31,280"
Nov-21,9호선2~3단계,649,석촌고분,"134,451","130,588","29,736","29,639"
Nov-21,9호선2~3단계,650,석촌,"201,605","176,359","31,137","26,741"
Nov-21,9호선2~3단계,651,송파나루,"112,935","122,251","22,491","23,407"
Nov-21,9호선2~3단계,652,한성백제,"59,040","52,705","15,351","13,837"
Nov-21,9호선2~3단계,653,올림픽공원(한국체대),"162,172","163,132","24,768","25,149"
Nov-21,9호선2~3단계,654,둔촌오륜,"25,036","22,590","5,296","5,656"
Nov-21,9호선2~3단계,655,중앙보훈병원,"199,262","169,896","68,722","67,050"
Nov-21,우이신설선,713,북한산우이,"58,251","51,316","32,649","33,968"
Nov-21,우이신설선,714,솔밭공원,"41,988","37,423","25,479","26,517"
Nov-21,우이신설선,715,4.19민주묘지,"51,474","48,888","31,567","28,506"
Nov-21,우이신설선,716,가오리,"70,475","65,937","42,274","43,311"
Nov-21,우이신설선,717,화계,"56,097","49,274","37,351","37,640"
Nov-21,우이신설선,718,삼양,"30,587","30,404","24,744","27,031"
Nov-21,우이신설선,719,삼양사거리,"34,820","34,853","32,395","32,508"
Nov-21,우이신설선,720,솔샘,"121,763","107,758","35,526","36,481"
Nov-21,우이신설선,721,북한산보국문,"127,147","114,949","39,239","39,017"
Nov-21,우이신설선,722,정릉,"87,900","76,225","41,810","39,233"
Nov-21,우이신설선,723,성신여대입구(돈암),"66,171","77,985","26,595","25,460"
Nov-21,우이신설선,724,보문,"27,506","27,413","13,813","13,705"
Nov-21,우이신설선,725,신설동,"33,796","35,041","24,297","22,007"
